{
    "parent": "item/generated",
    "textures": {
        "layer0": "item/coal"
    },	
	"overrides": [	
		{"predicate": {"custom_model_data":2046}, "model": "shaman_model/icon_ancestral_power"},
		{"predicate": {"custom_model_data":2047}, "model": "shaman_model/icon_heal_beam"},
		{"predicate": {"custom_model_data":2048}, "model": "shaman_model/icon_healing_totem"},
		{"predicate": {"custom_model_data":2049}, "model": "shaman_model/icon_light_beam"},
		{"predicate": {"custom_model_data":2050}, "model": "shaman_model/icon_self_recovery"},
		{"predicate": {"custom_model_data":2051}, "model": "shaman_model/icon_totem_form"}
	]
}